x_propanol,out_s
0.0148718,0.04470491
0.048682742,0.031244052
0.067849252,0.02755746
0.164623608,0.015565939
0.308301097,0.006205156
0.544822622,0.000906573
0.999887915,0.000112085
