x_ethanol,out_s
0.03315,0.0354
0.11681,0.0159
0.17063,0.0113
0.31644,0.0048
0.41864,0.0024
